<StardustParticleSystem version="2">
  <actions>
    <Age name="Age_8" active="true" mask="1" multiplier="1"/>
    <AnimateSpriteSheet name="AnimateSpriteSheet_0" active="true" mask="1"/>
    <Damping name="Damping_2" active="true" mask="1" damping="0.05"/>
    <DeathLife name="DeathLife_0" active="true" mask="1"/>
    <Move name="Move_0" active="true" mask="1" multiplier="1"/>
    <Spin name="Spin_3" active="true" mask="1" multiplier="1"/>
  </actions>
  <initializers>
    <Alpha name="Alpha_2" active="true" random="UniformRandom_33"/>
    <BitmapParticleInit name="BitmapParticleInit_0" active="true" bitmapType="singleImage" spriteSheetSliceWidth="30" spriteSheetSliceHeight="30" spriteSheetAnimationSpeed="0" spriteSheetStartAtRandomFrame="false" smoothing="true"/>
    <Life name="Life_0" active="true" random="UniformRandom_1"/>
    <Omega name="Omega_2" active="true" random="UniformRandom_34"/>
    <PooledDisplayObjectClass name="PooledDisplayObjectClass_0" active="true" displayObjectClass="idv.cjcat.stardustextended.twoD.display.bitmapParticle::BitmapParticle"/>
    <PositionAnimated name="PositionAnimated_0" active="true" zone="SinglePoint_43" inheritVelocity="false"/>
    <Scale name="Scale_2" active="true" random="UniformRandom_35"/>
  </initializers>
  <handlers>
    <DisplayObjectHandler name="DisplayObjectHandler_2" addChildMode="0" forceParentChange="false" blendMode="normal"/>
  </handlers>
  <emitters>
    <Emitter2D name="CoinSpin" active="true" clock="ImpulseClock_2" particleHandler="DisplayObjectHandler_2">
      <actions>
        <DeathLife name="DeathLife_0"/>
        <AnimateSpriteSheet name="AnimateSpriteSheet_0"/>
        <Age name="Age_8"/>
        <Damping name="Damping_2"/>
        <Move name="Move_0"/>
        <Spin name="Spin_3"/>
      </actions>
      <initializers>
        <PooledDisplayObjectClass name="PooledDisplayObjectClass_0"/>
        <BitmapParticleInit name="BitmapParticleInit_0"/>
        <PositionAnimated name="PositionAnimated_0"/>
        <Life name="Life_0"/>
        <Alpha name="Alpha_2"/>
        <Omega name="Omega_2"/>
        <Scale name="Scale_2"/>
      </initializers>
    </Emitter2D>
  </emitters>
  <clocks>
    <ImpulseClock name="ImpulseClock_2" impulseCount="1" repeatCount="1" burstInterval="100"/>
  </clocks>
  <zones>
    <SinglePoint name="SinglePoint_43" rotation="0" virtualThickness="1" x="0" y="0"/>
  </zones>
  <randoms>
    <UniformRandom name="UniformRandom_1" center="50" radius="0"/>
    <UniformRandom name="UniformRandom_33" center="1" radius="0.5"/>
    <UniformRandom name="UniformRandom_34" center="1" radius="0"/>
    <UniformRandom name="UniformRandom_35" center="1" radius="0"/>
  </randoms>
</StardustParticleSystem>